Model,Accuracy,F1,ROC-AUC,Gini,PSI
Gradient Boosting,0.7393526405451448,0.5396188565697091,0.7829197715656926,0.5658395431313852,0.004742007707265668
Logistic Regression,0.6978989210675752,0.6144927536231884,0.7816185076487852,0.5632370152975703,0.004502546081469546
Random Forest,0.7285633162975582,0.5724508050089445,0.7715230522211178,0.5430461044422357,0.28537381916141713
